201,Bayonne,New_Jersey
201,Bergenfield,New_Jersey
201,Cliffside_Park,New_Jersey
201,Englewood,New_Jersey
201,Fair_Lawn,New_Jersey
201,Fort_Lee,New_Jersey
201,Hackensack,New_Jersey
201,Hoboken,New_Jersey
201,Jersey_City,New_Jersey
201,Kearny,New_Jersey
201,North_Bergen,New_Jersey
201,Paramus,New_Jersey
201,Ridgewood,New_Jersey
201,Teaneck,New_Jersey
201,Union_City,New_Jersey
201,West_New_York,New_Jersey
202,Washington,District_of_Columbia
203,Bridgeport,Connecticut
203,Danbury,Connecticut
203,East_Haven,Connecticut
203,Meriden,Connecticut
203,Milford,Connecticut
203,Naugatuck,Connecticut
203,New_Haven,Connecticut
203,North_Haven,Connecticut
203,Norwalk,Connecticut
203,Shelton,Connecticut
203,Stamford,Connecticut
203,Stratford,Connecticut
203,Trumbull,Connecticut
203,Waterbury,Connecticut
203,West_Haven,Connecticut
203,Westport,Connecticut
205,Alabaster,Alabama
205,Bessemer,Alabama
205,Birmingham,Alabama
205,Center_Point,Alabama
205,Homewood,Alabama
205,Hoover,Alabama
205,Mountain_Brook,Alabama
205,Tuscaloosa,Alabama
205,Vestavia_Hills,Alabama
206,Bainbridge_Island,Washington
206,Burien,Washington
206,Des_Moines,Washington
206,Mercer_Island,Washington
206,Seattle,Washington
206,Shoreline,Washington
206,White_Center,Washington
207,Auburn,Maine
207,Augusta,Maine
207,Bangor,Maine
207,Biddeford,Maine
207,Brunswick,Maine
207,Lewiston,Maine
207,South_Portland,Maine
207,South_Portland,Maine
208,Boise,Idaho
208,Caldwell,Idaho
208,Coeur_d'Alene,Idaho
208,Idaho_Falls,Idaho
208,Lewiston,Idaho
208,Meridian,Idaho
208,Moscow,Idaho
208,Nampa,Idaho
208,Pocatello,Idaho
208,Twin_Falls,Idaho
209,Atwater,California
209,Ceres,California
209,Lodi,California
209,Los_Banos,California
209,Manteca,California
209,Merced,California
209,West_Modesto,California
209,Stockton,California
209,Tracy,California
209,Turlock,California
210,San_Antonio,Texas
212,New_York_City,New_York
212,New_York_City,New_York
213,Los_Angeles,California
214,Allen,Texas
214,Arlington,Texas
214,Carrollton,Texas
214,Cedar_Hill,Texas
214,Coppell,Texas
214,Dallas,Texas
214,DeSoto,Texas
214,Duncanville,Texas
214,Farmers_Branch,Texas
214,Flower_Mound,Texas
214,Frisco,Texas
214,Garland,Texas
214,Grand_Prairie,Texas
214,Irving,Texas
214,Lancaster,Texas
214,Lewisville,Texas
214,McKinney,Texas
214,Mesquite,Texas
214,Plano,Texas
214,Richardson,Texas
214,Rowlett,Texas
214,The_Colony,Texas
214,University_Park,Texas
214,Waxahachie,Texas
215,Levittown,Pennsylvania
215,Philadelphia,Pennsylvania
216,Brook_Park,Ohio
216,East_Cleveland,Ohio
216,Cleveland_Heights,Ohio
216,East_Cleveland,Ohio
216,South_Euclid,Ohio
216,Garfield_Heights,Ohio
216,Lakewood,Ohio
216,Maple_Heights,Ohio
216,Parma,Ohio
216,Shaker_Heights,Ohio
216,South_Euclid,Ohio
217,Champaign,Illinois
217,Charleston,Illinois
217,Danville,Illinois
217,Decatur,Illinois
217,Quincy,Illinois
217,Springfield,Illinois
217,Urbana,Illinois
218,Andover,Minnesota
218,Duluth,Minnesota
218,Moorhead,Minnesota
219,East_Chicago,Indiana
219,Gary,Indiana
219,Hammond,Indiana
219,Highland,Indiana
219,Hobart,Indiana
219,LaPorte,Indiana
219,Merrillville,Indiana
219,Michigan_City,Indiana
219,Munster,Indiana
219,Portage,Indiana
219,Schererville,Indiana
219,Valparaiso,Indiana
220,Athens,Ohio
220,Chillicothe,Ohio
220,Delaware,Ohio
220,Lancaster,Ohio
220,Marion,Ohio
220,Newark,Ohio
220,Portsmouth,Ohio
220,Zanesville,Ohio
224,Algonquin,Illinois
224,Arlington_Heights,Illinois
224,Buffalo_Grove,Illinois
224,Carpentersville,Illinois
224,Des_Plaines,Illinois
224,South_Elgin,Illinois
224,Elk_Grove_Village,Illinois
224,Evanston,Illinois
224,Glenview,Illinois
224,Gurnee,Illinois
224,Highland_Park,Illinois
224,Hoffman_Estates,Illinois
224,Lake_Forest,Illinois
224,Lake_in_the_Hills,Illinois
224,Libertyville,Illinois
224,Morton_Grove,Illinois
224,Mount_Prospect,Illinois
224,Mundelein,Illinois
224,Niles,Illinois
224,North_Chicago,Illinois
224,Northbrook,Illinois
224,Palatine,Illinois
224,Park_Ridge,Illinois
224,Rolling_Meadows,Illinois
224,Round_Lake_Beach,Illinois
224,Schaumburg,Illinois
224,Skokie,Illinois
224,Vernon_Hills,Illinois
224,Waukegan,Illinois
224,Wheeling,Illinois
224,Wilmette,Illinois
224,Zion,Illinois
225,Baton_Rouge,Louisiana
228,Biloxi,Mississippi
228,West_Gulfport,Mississippi
228,Pascagoula,Mississippi
229,Albany,Georgia
229,Valdosta,Georgia
231,Muskegon,Michigan
231,Norton_Shores,Michigan
231,Shelby,Michigan
234,Akron,Ohio
234,Alliance,Ohio
234,Austintown,Ohio
234,Barberton,Ohio
234,Boardman,Ohio
234,Brunswick,Ohio
234,North_Canton,Ohio
234,Cuyahoga_Falls,Ohio
234,Green,Ohio
234,Hudson,Ohio
234,Kent,Ohio
234,Massillon,Ohio
234,Medina,Ohio
234,Niles,Ohio
234,Stow,Ohio
234,Warren,Ohio
234,Wooster,Ohio
234,Youngstown,Ohio
239,Bonita_Springs,Florida
239,Cape_Coral,Florida
239,North_Fort_Myers,Florida
239,Golden_Gate,Florida
239,Lehigh_Acres,Florida
239,Naples,Florida
239,North_Fort_Myers,Florida
240,Aspen_Hill,Maryland
240,North_Bethesda,Maryland
240,Bowie,Maryland
240,Chillum,Maryland
240,Clinton,Maryland
240,College_Park,Maryland
240,Cumberland,Maryland
240,Fairland,Maryland
240,Fort_Washington,Maryland
240,Frederick,Maryland
240,Gaithersburg,Maryland
240,Germantown,Maryland
240,Greenbelt,Maryland
240,Hagerstown,Maryland
240,Landover,Maryland
240,Montgomery_Village,Maryland
240,North_Bethesda,Maryland
240,South_Laurel,Maryland
240,North_Potomac,Maryland
240,Olney,Maryland
240,Potomac,Maryland
240,Rockville,Maryland
240,Silver_Spring,Maryland
240,South_Laurel,Maryland
240,Saint_Charles,Maryland
240,Suitland,Maryland
240,Waldorf,Maryland
240,White_Oak,Maryland
248,West_Bloomfield_Township,Michigan
248,Farmington_Hills,Michigan
248,Ferndale,Michigan
248,Madison_Heights,Michigan
248,Novi,Michigan
248,Oak_Park,Michigan
248,Pontiac,Michigan
248,Rochester_Hills,Michigan
248,Royal_Oak,Michigan
248,Southfield,Michigan
248,Troy,Michigan
248,Waterford,Michigan
248,West_Bloomfield_Township,Michigan
251,Mobile,Alabama
251,Prichard,Alabama
252,Greenville,North_Carolina
252,Havelock,North_Carolina
252,Kinston,North_Carolina
252,New_Bern,North_Carolina
252,Rocky_Mount,North_Carolina
252,Wilson,North_Carolina
253,Auburn,Washington
253,East_Hill-Meridian,Washington
253,Federal_Way,Washington
253,Lakewood,Washington
253,Parkland,Washington
253,Puyallup,Washington
253,South_Hill,Washington
253,Spanaway,Washington
253,Tacoma,Washington
253,University_Place,Washington
254,Copperas_Cove,Texas
254,Fort_Hood,Texas
254,Killeen,Texas
254,Temple,Texas
254,Waco,Texas
256,Anniston,Alabama
256,Decatur,Alabama
256,Florence,Alabama
256,Gadsden,Alabama
256,Huntsville,Alabama
256,Madison,Alabama
260,Fort_Wayne,Indiana
262,Brookfield,Wisconsin
262,Caledonia,Wisconsin
262,Kenosha,Wisconsin
262,Menomonee_Falls,Wisconsin
262,Mequon,Wisconsin
262,Muskego,Wisconsin
262,New_Berlin,Wisconsin
262,Racine,Wisconsin
262,Waukesha,Wisconsin
262,West_Bend,Wisconsin
267,Levittown,Pennsylvania
267,Philadelphia,Pennsylvania
269,Battle_Creek,Michigan
269,Kalamazoo,Michigan
269,Portage,Michigan
270,Bowling_Green,Kentucky
270,Elizabethtown,Kentucky
270,Henderson,Kentucky
270,Hopkinsville,Kentucky
270,Owensboro,Kentucky
270,Paducah,Kentucky
270,Radcliff,Kentucky
272,Back_Mountain,Pennsylvania
272,Hazleton,Pennsylvania
272,Scranton,Pennsylvania
272,Wilkes-Barre,Pennsylvania
272,Williamsport,Pennsylvania
276,Richmond,Virginia
281,Alvin,Texas
281,Atascocita,Texas
281,Baytown,Texas
281,Channelview,Texas
281,Cloverleaf,Texas
281,Deer_Park,Texas
281,Friendswood,Texas
281,South_Houston,Texas
281,La_Porte,Texas
281,League_City,Texas
281,Mission_Bend,Texas
281,Missouri_City,Texas
281,Pasadena,Texas
281,Pearland,Texas
281,Rosenberg,Texas
281,Spring,Texas
281,Sugar_Land,Texas
281,The_Woodlands,Texas
301,Aspen_Hill,Maryland
301,North_Bethesda,Maryland
301,Bowie,Maryland
301,Chillum,Maryland
301,Clinton,Maryland
301,College_Park,Maryland
301,Cumberland,Maryland
301,Fairland,Maryland
301,Fort_Washington,Maryland
301,Frederick,Maryland
301,Gaithersburg,Maryland
301,Germantown,Maryland
301,Greenbelt,Maryland
301,Hagerstown,Maryland
301,Landover,Maryland
301,Montgomery_Village,Maryland
301,North_Bethesda,Maryland
301,South_Laurel,Maryland
301,North_Potomac,Maryland
301,Olney,Maryland
301,Potomac,Maryland
301,Rockville,Maryland
301,Silver_Spring,Maryland
301,South_Laurel,Maryland
301,Saint_Charles,Maryland
301,Suitland,Maryland
301,Waldorf,Maryland
301,White_Oak,Maryland
302,Dover,Delaware
302,Newark,Delaware
302,Wilmington,Delaware
303,Arvada,Colorado
303,Aurora,Colorado
303,Boulder,Colorado
303,Brighton,Colorado
303,Broomfield,Colorado
303,Castle_Rock,Colorado
303,Castlewood,Colorado
303,Columbine,Colorado
303,Commerce_City,Colorado
303,Denver,Colorado
303,Englewood,Colorado
303,Highlands_Ranch,Colorado
303,Ken_Caryl,Colorado
303,Lafayette,Colorado
303,Lakewood,Colorado
303,Littleton,Colorado
303,Longmont,Colorado
303,Loveland,Colorado
303,Northglenn,Colorado
303,Parker,Colorado
303,Southglenn,Colorado
303,Thornton,Colorado
303,Westminster,Colorado
303,Wheat_Ridge,Colorado
304,South_Charleston,West_Virginia
304,Huntington,West_Virginia
304,Morgantown,West_Virginia
304,Parkersburg,West_Virginia
304,Weirton,West_Virginia
304,Wheeling,West_Virginia
305,Aventura,Florida
305,Carol_City,Florida
305,Coral_Gables,Florida
305,Coral_Terrace,Florida
305,Country_Club,Florida
305,Cutler_Ridge,Florida
305,Doral,Florida
305,Golden_Glades,Florida
305,Hialeah,Florida
305,Homestead,Florida
305,Kendale_Lakes,Florida
305,Kendall_West,Florida
305,Key_West,Florida
305,Leisure_City,Florida
305,West_Miami,Florida
305,North_Miami_Beach,Florida
305,Miami_Lakes,Florida
305,Miramar,Florida
305,Norland,Florida
305,North_Miami,Florida
305,North_Miami_Beach,Florida
305,Richmond_West,Florida
305,Richmond_Heights,Florida
305,South_Miami_Heights,Florida
305,Tamiami,Florida
305,West_Little_River,Florida
305,Westchester,Florida
307,Casper,Wyoming
307,Cheyenne,Wyoming
307,Gillette,Wyoming
307,Laramie,Wyoming
308,Grand_Island,Nebraska
308,Kearney,Nebraska
308,North_Platte,Nebraska
309,Bloomington,Illinois
309,East_Moline,Illinois
309,East_Peoria,Illinois
309,Galesburg,Illinois
309,Moline,Illinois
309,Normal,Illinois
309,Pekin,Illinois
309,Peoria,Illinois
309,Rock_Island,Illinois
310,Beverly_Hills,California
310,West_Carson,California
310,Culver_City,California
310,Gardena,California
310,Hawthorne,California
310,Inglewood,California
310,Lawndale,California
310,Lennox,California
310,Lomita,California
310,Lynwood,California
310,Manhattan_Beach,California
310,Rancho_Palos_Verdes,California
310,Redondo_Beach,California
310,Santa_Monica,California
310,Torrance,California
310,West_Carson,California
312,West_Chicago,Illinois
313,Allen_Park,Michigan
313,Dearborn,Michigan
313,Dearborn_Heights,Michigan
313,Detroit,Michigan
313,Hamtramck,Michigan
313,Inkster,Michigan
313,Lincoln_Park,Michigan
313,Redford,Michigan
313,Taylor,Michigan
314,Kirkwood,Missouri
314,Maryland_Heights,Missouri
314,Mehlville,Missouri
314,Oakville,Missouri
314,Spanish_Lake,Missouri
314,St._Louis,Missouri
314,University_City,Missouri
314,Webster_Groves,Missouri
314,Affton,Missouri
314,Ferguson,Missouri
314,Florissant,Missouri
314,Hazelwood,Missouri
315,Auburn,New_York
315,Rome,New_York
315,Syracuse,New_York
315,Utica,New_York
315,Watertown,New_York
316,Wichita,Kansas
317,Carmel,Indiana
317,Fishers,Indiana
317,Greenwood,Indiana
317,Indianapolis,Indiana
317,Lawrence,Indiana
317,Noblesville,Indiana
318,Alexandria,Louisiana
318,Bossier_City,Louisiana
318,West_Monroe,Louisiana
318,Ruston,Louisiana
318,Shreveport,Louisiana
319,Burlington,Iowa
319,Cedar_Falls,Iowa
319,Cedar_Rapids,Iowa
319,Iowa_City,Iowa
319,Marion,Iowa
319,Waterloo,Iowa
320,Saint_Cloud,Minnesota
321,Altamonte_Springs,Florida
321,South_Apopka,Florida
321,Casselberry,Florida
321,Kissimmee,Florida
321,West_Melbourne,Florida
321,Merritt_Island,Florida
321,Oak_Ridge,Florida
321,Ocoee,Florida
321,Orlando,Florida
321,Oviedo,Florida
321,Palm_Bay,Florida
321,Pine_Hills,Florida
321,Rockledge,Florida
321,Sanford,Florida
321,Saint_Cloud,Florida
321,Titusville,Florida
321,University_Park,Florida
321,Wekiwa_Springs,Florida
321,Winter_Park,Florida
321,Winter_Springs,Florida
323,Bell,California
323,Bell_Gardens,California
323,Cudahy,California
323,East_Los_Angeles,California
323,Florence-Graham,California
323,Huntington_Park,California
323,Maywood,California
323,Montebello,California
323,South_Gate,California
323,West_Hollywood,California
323,Westmont,California
325,Abilene,Texas
325,San_Angelo,Texas
330,Akron,Ohio
330,Alliance,Ohio
330,Austintown,Ohio
330,Barberton,Ohio
330,Boardman,Ohio
330,Brunswick,Ohio
330,North_Canton,Ohio
330,Cuyahoga_Falls,Ohio
330,Green,Ohio
330,Hudson,Ohio
330,Kent,Ohio
330,Massillon,Ohio
330,Medina,Ohio
330,Niles,Ohio
330,Stow,Ohio
330,Warren,Ohio
330,Wooster,Ohio
330,Youngstown,Ohio
331,Addison,Illinois
331,North_Aurora,Illinois
331,Bartlett,Illinois
331,Batavia,Illinois
331,Bensenville,Illinois
331,Bloomingdale,Illinois
331,Bolingbrook,Illinois
331,Carol_Stream,Illinois
331,Darien,Illinois
331,Downers_Grove,Illinois
331,Elmhurst,Illinois
331,Glen_Ellyn,Illinois
331,Glendale_Heights,Illinois
331,Hanover_Park,Illinois
331,Lisle,Illinois
331,Lombard,Illinois
331,Naperville,Illinois
331,Roselle,Illinois
331,Saint_Charles,Illinois
331,Streamwood,Illinois
331,Villa_Park,Illinois
331,West_Chicago,Illinois
331,Westmont,Illinois
331,Wheaton,Illinois
331,Woodridge,Illinois
334,Auburn,Alabama
334,Dothan,Alabama
334,Enterprise,Alabama
334,Montgomery,Alabama
334,Opelika,Alabama
334,Phenix_City,Alabama
334,Prattville,Alabama
334,Selma,Alabama
336,Asheboro,North_Carolina
336,Burlington,North_Carolina
336,Greensboro,North_Carolina
336,High_Point,North_Carolina
336,Winston-Salem,North_Carolina
337,Lafayette,Louisiana
337,Lake_Charles,Louisiana
337,New_Iberia,Louisiana
337,Opelousas,Louisiana
337,Sulphur,Louisiana
339,Arlington,Massachusetts
339,Braintree,Massachusetts
339,Burlington,Massachusetts
339,Dedham,Massachusetts
339,Lexington,Massachusetts
339,Lynn,Massachusetts
339,Malden,Massachusetts
339,Marblehead,Massachusetts
339,Medford,Massachusetts
339,Melrose,Massachusetts
339,Needham,Massachusetts
339,Norwood,Massachusetts
339,Randolph,Massachusetts
339,Reading,Massachusetts
339,Revere,Massachusetts
339,Saugus,Massachusetts
339,Stoneham,Massachusetts
339,Wakefield,Massachusetts
339,Waltham,Massachusetts
339,Wellesley,Massachusetts
339,Weymouth,Massachusetts
339,Winchester,Massachusetts
339,Woburn,Massachusetts
346,Alvin,Texas
346,Atascocita,Texas
346,Baytown,Texas
346,Channelview,Texas
346,Cloverleaf,Texas
346,Deer_Park,Texas
346,Friendswood,Texas
346,South_Houston,Texas
346,La_Porte,Texas
346,League_City,Texas
346,Mission_Bend,Texas
346,Missouri_City,Texas
346,Pasadena,Texas
346,Pearland,Texas
346,Rosenberg,Texas
346,Spring,Texas
346,Sugar_Land,Texas
346,The_Woodlands,Texas
347,The_Bronx,New_York
347,Brooklyn,New_York
347,New_York_City,New_York
347,Borough_of_Queens,New_York
347,Staten_Island,New_York
351,Beverly,Massachusetts
351,Chelmsford,Massachusetts
351,Danvers,Massachusetts
351,Fitchburg,Massachusetts
351,Gardner,Massachusetts
351,Gloucester,Massachusetts
351,Haverhill,Massachusetts
351,Lawrence,Massachusetts
351,Leominster,Massachusetts
351,Lowell,Massachusetts
351,Methuen,Massachusetts
351,South_Peabody,Massachusetts
351,Salem,Massachusetts
351,Wilmington,Massachusetts
352,Gainesville,Florida
352,Oakland_Park,Florida
352,Ocala,Florida
352,Spring_Hill,Florida
360,Bellingham,Washington
360,Bremerton,Washington
360,Lacey,Washington
360,Longview,Washington
360,Marysville,Washington
360,Mount_Vernon,Washington
360,Marysville,Washington
360,Olympia,Washington
360,Vancouver,Washington
361,Corpus_Christi,Texas
361,Kingsville,Texas
361,Victoria,Texas
364,Bowling_Green,Kentucky
364,Elizabethtown,Kentucky
364,Henderson,Kentucky
364,Hopkinsville,Kentucky
364,Owensboro,Kentucky
364,Paducah,Kentucky
364,Radcliff,Kentucky
385,American_Fork,Utah
385,West_Bountiful,Utah
385,Clearfield,Utah
385,Cottonwood_Heights,Utah
385,Draper,Utah
385,East_Millcreek,Utah
385,Kaysville,Utah
385,Kearns,Utah
385,Layton,Utah
385,Magna,Utah
385,Midvale,Utah
385,Millcreek,Utah
385,Murray,Utah
385,South_Ogden,Utah
385,Orem,Utah
385,Pleasant_Grove,Utah
385,Provo,Utah
385,Riverton,Utah
385,Roy,Utah
385,Salt_Lake_City,Utah
385,Sandy_City,Utah
385,South_Jordan,Utah
385,South_Salt_Lake,Utah
385,Spanish_Fork,Utah
385,Springville,Utah
385,Taylorsville,Utah
385,West_Jordan,Utah
385,West_Valley_City,Utah
386,Daytona_Beach,Florida
386,DeLand,Florida
386,Deltona,Florida
386,New_Smyrna_Beach,Florida
386,Ormond_Beach,Florida
386,Palm_Coast,Florida
386,Port_Orange,Florida
401,Bristol,Rhode_Island
401,Cranston,Rhode_Island
401,East_Providence,Rhode_Island
401,Newport_East,Rhode_Island
401,North_Providence,Rhode_Island
401,Pawtucket,Rhode_Island
401,Providence,Rhode_Island
401,West_Warwick,Rhode_Island
401,West_Warwick,Rhode_Island
401,Woonsocket,Rhode_Island
402,Bellevue,Nebraska
402,Columbus,Nebraska
402,Fremont,Nebraska
402,Hastings,Nebraska
402,Lincoln,Nebraska
402,Norfolk,Nebraska
402,Omaha,Nebraska
404,Atlanta,Georgia
404,Candler-McAfee,Georgia
404,College_Park,Georgia
404,College_Park,Georgia
404,East_Point,Georgia
404,Forest_Park,Georgia
404,Atlanta,Georgia
404,Sandy_Springs,Georgia
404,Tucker,Georgia
405,Bethany,Oklahoma
405,Del_City,Oklahoma
405,Edmond,Oklahoma
405,Midwest_City,Oklahoma
405,Moore,Oklahoma
405,Norman,Oklahoma
405,Oklahoma_City,Oklahoma
405,Shawnee,Oklahoma
405,Stillwater,Oklahoma
405,Yukon,Oklahoma
406,Billings,Montana
406,Bozeman,Montana
406,Butte,Montana
406,Great_Falls,Montana
406,Helena,Montana
406,Missoula,Montana
407,Altamonte_Springs,Florida
407,South_Apopka,Florida
407,Casselberry,Florida
407,Kissimmee,Florida
407,Oak_Ridge,Florida
407,Ocoee,Florida
407,Orlando,Florida
407,Oviedo,Florida
407,Pine_Hills,Florida
407,Sanford,Florida
407,Saint_Cloud,Florida
407,University_Park,Florida
407,Wekiwa_Springs,Florida
407,Winter_Park,Florida
407,Winter_Springs,Florida
408,Campbell,California
408,Gilroy,California
408,Los_Gatos,California
408,Milpitas,California
408,Morgan_Hill,California
408,San_Jose,California
408,Santa_Clara,California
408,Saratoga,California
408,Sunnyvale,California
409,Beaumont,Texas
409,Galveston,Texas
409,Port_Arthur,Texas
409,Texas_City,Texas
410,Annapolis,Maryland
410,Arbutus,Maryland
410,Arnold,Maryland
410,Baltimore,Maryland
410,Bel_Air_North,Maryland
410,Bel_Air_South,Maryland
410,Carney,Maryland
410,Catonsville,Maryland
410,Columbia,Maryland
410,Crofton,Maryland
410,Dundalk,Maryland
410,Edgewood,Maryland
410,Eldersburg,Maryland
410,West_Elkridge,Maryland
410,Ellicott_City,Maryland
410,Essex,Maryland
410,Glen_Burnie,Maryland
410,Lochearn,Maryland
410,Middle_River,Maryland
410,Milford_Mill,Maryland
410,Odenton,Maryland
410,Parkville,Maryland
410,Perry_Hall,Maryland
410,Pikesville,Maryland
410,Randallstown,Maryland
410,Reisterstown,Maryland
410,Salisbury,Maryland
410,Severn,Maryland
410,Severna_Park,Maryland
410,South_Gate,Maryland
410,Towson,Maryland
412,Bethel_Park,Pennsylvania
412,McKeesport,Pennsylvania
412,Mount_Lebanon,Pennsylvania
412,Monroeville,Pennsylvania
412,Penn_Hills,Pennsylvania
412,Pittsburgh,Pennsylvania
412,Plum,Pennsylvania
412,Upper_Saint_Clair,Pennsylvania
412,West_Mifflin,Pennsylvania
413,Agawam,Massachusetts
413,North_Chicopee,Massachusetts
413,Holyoke,Massachusetts
413,Northampton,Massachusetts
413,Pittsfield,Massachusetts
413,West_Springfield,Massachusetts
413,West_Springfield,Massachusetts
413,Westfield,Massachusetts
414,Franklin,Wisconsin
414,Greenfield,Wisconsin
414,South_Milwaukee,Wisconsin
414,Oak_Creek,Wisconsin
414,South_Milwaukee,Wisconsin
414,Wauwatosa,Wisconsin
414,West_Allis,Wisconsin
415,Novato,California
415,San_Anselmo,California
415,South_San_Francisco,California
415,San_Rafael,California
417,Joplin,Missouri
417,Springfield,Missouri
419,Ashland,Ohio
419,Bowling_Green,Ohio
419,Findlay,Ohio
419,Lima,Ohio
419,Mansfield,Ohio
419,Sandusky,Ohio
419,Toledo,Ohio
423,Bristol,Tennessee
423,East_Chattanooga,Tennessee
423,South_Cleveland,Tennessee
423,East_Ridge,Tennessee
423,Johnson_City,Tennessee
423,Kingsport,Tennessee
423,Morristown,Tennessee
424,Beverly_Hills,California
424,West_Carson,California
424,Culver_City,California
424,Gardena,California
424,Hawthorne,California
424,Inglewood,California
424,Lawndale,California
424,Lennox,California
424,Lomita,California
424,Lynwood,California
424,Manhattan_Beach,California
424,Rancho_Palos_Verdes,California
424,Redondo_Beach,California
424,Santa_Monica,California
424,Torrance,California
424,West_Carson,California
425,Bellevue,Washington
425,Bothell,Washington
425,Fairwood,Washington
425,Cottage_Lake,Washington
425,Edmonds,Washington
425,Everett,Washington
425,Inglewood-Finn_Hill,Washington
425,Kirkland,Washington
425,Lynnwood,Washington
425,Mountlake_Terrace,Washington
425,North_Creek,Washington
425,Redmond,Washington
425,Renton,Washington
425,City_of_Sammamish,Washington
432,Big_Spring,Texas
432,Midland,Texas
432,West_Odessa,Texas
434,Charlottesville,Virginia
434,Danville,Virginia
434,West_Lynchburg,Virginia
435,Cedar_City,Utah
435,North_Logan,Utah
435,Saint_George,Utah
435,Tooele,Utah
440,Avon_Lake,Ohio
440,Ashtabula,Ohio
440,Eastlake,Ohio
440,Elyria,Ohio
440,Lorain,Ohio
440,Mentor,Ohio
440,North_Olmsted,Ohio
440,North_Ridgeville,Ohio
440,North_Royalton,Ohio
440,Parma,Ohio
440,Parma_Heights,Ohio
440,Rocky_River,Ohio
440,Solon,Ohio
440,Strongsville,Ohio
440,Westlake,Ohio
440,Willoughby,Ohio
442,La_Quinta,California
442,Oceanside,California
442,Palm_Desert,California
442,Palm_Springs,California
442,Ridgecrest,California
442,San_Marcos,California
442,Victorville,California
442,Vista,California
442,Apple_Valley,California
442,Barstow,California
442,Brawley,California
442,Calexico,California
442,Carlsbad,California
442,Cathedral_City,California
442,Coachella,California
442,El_Centro,California
442,Encinitas,California
442,Escondido,California
442,Fallbrook,California
442,Hesperia,California
442,Indio,California
443,Annapolis,Maryland
443,Arbutus,Maryland
443,Arnold,Maryland
443,Baltimore,Maryland
443,Bel_Air_North,Maryland
443,Bel_Air_South,Maryland
443,Carney,Maryland
443,Catonsville,Maryland
443,Columbia,Maryland
443,Crofton,Maryland
443,Dundalk,Maryland
443,Edgewood,Maryland
443,Eldersburg,Maryland
443,West_Elkridge,Maryland
443,Ellicott_City,Maryland
443,Essex,Maryland
443,Glen_Burnie,Maryland
443,Lochearn,Maryland
443,Middle_River,Maryland
443,Milford_Mill,Maryland
443,Odenton,Maryland
443,Parkville,Maryland
443,Perry_Hall,Maryland
443,Pikesville,Maryland
443,Randallstown,Maryland
443,Reisterstown,Maryland
443,Salisbury,Maryland
443,Severn,Maryland
443,Severna_Park,Maryland
443,South_Gate,Maryland
443,Towson,Maryland
458,Albany,Oregon
458,North_Bend,Oregon
458,Corvallis,Oregon
458,Gresham,Oregon
458,Grants_Pass,Oregon
458,Medford,Oregon
458,Roseburg_North,Oregon
458,Springfield,Oregon
469,Allen,Texas
469,Carrollton,Texas
469,Cedar_Hill,Texas
469,Coppell,Texas
469,Dallas,Texas
469,DeSoto,Texas
469,Duncanville,Texas
469,Farmers_Branch,Texas
469,Flower_Mound,Texas
469,Frisco,Texas
469,Garland,Texas
469,Grand_Prairie,Texas
469,Irving,Texas
469,Lancaster,Texas
469,Lewisville,Texas
469,McKinney,Texas
469,Mesquite,Texas
469,Plano,Texas
469,Richardson,Texas
469,Rowlett,Texas
469,The_Colony,Texas
469,University_Park,Texas
469,Waxahachie,Texas
478,Macon,Georgia
478,Warner_Robins,Georgia
479,Fayetteville,Arkansas
479,Fort_Smith,Arkansas
479,Rogers,Arkansas
479,Russellville,Arkansas
479,Springdale,Arkansas
480,Apache_Junction,Arizona
480,Chandler,Arizona
480,Fountain_Hills,Arizona
480,Gilbert,Arizona
480,Mesa,Arizona
480,Scottsdale,Arizona
480,Tempe,Arizona
484,Allentown,Pennsylvania
484,Bethlehem,Pennsylvania
484,West_Chester,Pennsylvania
484,Drexel_Hill,Pennsylvania
484,Easton,Pennsylvania
484,Norristown,Pennsylvania
484,Pottstown,Pennsylvania
484,Radnor,Pennsylvania
484,Reading,Pennsylvania
484,Springfield,Pennsylvania
501,Benton,Arkansas
501,Conway,Arkansas
501,Hot_Springs,Arkansas
501,Jacksonville,Arkansas
501,North_Little_Rock,Arkansas
501,North_Little_Rock,Arkansas
501,Sherwood,Arkansas
502,Frankfort,Kentucky
502,Louisville,Kentucky
503,Aloha,Oregon
503,Beaverton,Oregon
503,Gresham,Oregon
503,Hillsboro,Oregon
503,Keizer,Oregon
503,Lake_Oswego,Oregon
503,McMinnville,Oregon
503,Milwaukie,Oregon
503,Oregon_City,Oregon
503,Portland,Oregon
503,Salem,Oregon
503,Tigard,Oregon
503,Tualatin,Oregon
503,West_Linn,Oregon
503,Woodburn,Oregon
504,Chalmette,Louisiana
504,Harvey,Louisiana
504,Kenner,Louisiana
504,Marrero,Louisiana
504,Metairie,Louisiana
504,New_Orleans,Louisiana
504,Terrytown,Louisiana
505,Albuquerque,New_Mexico
505,Farmington,New_Mexico
505,Gallup,New_Mexico
505,Rio_Rancho,New_Mexico
505,Santa_Fe,New_Mexico
505,South_Valley,New_Mexico
507,Austin,Minnesota
507,Faribault,Minnesota
507,North_Mankato,Minnesota
507,Owatonna,Minnesota
507,Rochester,Minnesota
507,Winona,Minnesota
508,Attleboro,Massachusetts
508,Barnstable,Massachusetts
508,Brockton,Massachusetts
508,Fall_River,Massachusetts
508,Framingham,Massachusetts
508,Franklin,Massachusetts
508,Marlborough,Massachusetts
508,Milford,Massachusetts
508,New_Bedford,Massachusetts
508,Taunton,Massachusetts
508,Worcester,Massachusetts
509,Kennewick,Washington
509,Opportunity,Washington
509,Pasco,Washington
509,Pullman,Washington
509,West_Richland,Washington
509,Spokane,Washington
509,Walla_Walla,Washington
509,Wenatchee,Washington
509,Yakima,Washington
510,Alameda,California
510,Berkeley,California
510,Castro_Valley,California
510,El_Cerrito,California
510,Fremont,California
510,Hayward,California
510,Newark,California
510,Oakland,California
510,Richmond,California
510,San_Leandro,California
510,San_Lorenzo,California
510,San_Pablo,California
510,Union_City,California
512,Austin,Texas
512,Cedar_Park,Texas
512,Georgetown,Texas
512,Round_Rock,Texas
512,San_Marcos,Texas
513,Cincinnati,Ohio
513,Fairfield,Ohio
513,Hamilton,Ohio
513,Mason,Ohio
513,Middletown,Ohio
513,Norwood,Ohio
513,Oxford,Ohio
515,Ames,Iowa
515,Ankeny,Iowa
515,West_Des_Moines,Iowa
515,Fort_Dodge,Iowa
515,Urbandale,Iowa
515,West_Des_Moines,Iowa
516,Baldwin,New_York
516,East_Meadow,New_York
516,Elmont,New_York
516,Franklin_Square,New_York
516,Freeport,New_York
516,Garden_City,New_York
516,Glen_Cove,New_York
516,West_Hempstead,New_York
516,Hicksville,New_York
516,Levittown,New_York
516,Long_Beach,New_York
516,North_Massapequa,New_York
516,North_Merrick,New_York
516,North_Bellmore,New_York
516,Oceanside,New_York
516,Plainview,New_York
516,Rockville_Centre,New_York
516,Uniondale,New_York
516,Valley_Stream,New_York
517,Adrian,Michigan
517,Clinton,Michigan
517,East_Lansing,Michigan
517,Jackson,Michigan
517,Lansing,Michigan
517,Okemos,Michigan
518,West_Albany,New_York
518,Rotterdam,New_York
518,Saratoga_Springs,New_York
518,Schenectady,New_York
518,Troy,New_York
520,Casa_Grande,Arizona
520,Catalina_Foothills,Arizona
520,Drexel_Heights,Arizona
520,Nogales,Arizona
520,Oro_Valley,Arizona
520,Sierra_Vista,Arizona
520,Tucson,Arizona
530,Chico,California
530,Davis,California
530,Paradise,California
530,Redding,California
530,South_Lake_Tahoe,California
530,Woodland,California
530,Yuba_City,California
531,Bellevue,Nebraska
531,Columbus,Nebraska
531,Fremont,Nebraska
531,Hastings,Nebraska
531,Lincoln,Nebraska
531,Norfolk,Nebraska
531,Omaha,Nebraska
539,Bartlesville,Oklahoma
539,Broken_Arrow,Oklahoma
539,Muskogee,Oklahoma
539,Tulsa,Oklahoma
540,Blacksburg,Virginia
540,Cave_Spring,Virginia
540,Harrisonburg,Virginia
540,Roanoke,Virginia
540,Salem,Virginia
540,Staunton,Virginia
540,Winchester,Virginia
541,Albany,Oregon
541,North_Bend,Oregon
541,Corvallis,Oregon
541,Gresham,Oregon
541,Grants_Pass,Oregon
541,Medford,Oregon
541,Roseburg_North,Oregon
541,Springfield,Oregon
551,Bayonne,New_Jersey
551,Bergenfield,New_Jersey
551,Cliffside_Park,New_Jersey
551,Englewood,New_Jersey
551,Fair_Lawn,New_Jersey
551,Fort_Lee,New_Jersey
551,Hackensack,New_Jersey
551,Hoboken,New_Jersey
551,Jersey_City,New_Jersey
551,Kearny,New_Jersey
551,North_Bergen,New_Jersey
551,Paramus,New_Jersey
551,Ridgewood,New_Jersey
551,Teaneck,New_Jersey
551,Union_City,New_Jersey
551,West_New_York,New_Jersey
559,Clovis,California
559,Fresno,California
559,Hanford,California
559,Madera,California
559,Porterville,California
559,Reedley,California
559,Tulare,California
559,Visalia,California
561,Boca_Del_Mar,Florida
561,Boca_Raton,Florida
561,Boynton_Beach,Florida
561,Delray_Beach,Florida
561,Jupiter,Florida
561,Lake_Worth,Florida
561,Palm_Beach_Gardens,Florida
561,Riviera_Beach,Florida
561,Royal_Palm_Beach,Florida
561,University_Park,Florida
561,Wellington,Florida
561,West_Palm_Beach,Florida
562,Bellflower,California
562,Cerritos,California
562,Downey,California
562,La_Habra,California
562,La_Mirada,California
562,Lakewood,California
562,Long_Beach,California
562,Norwalk,California
562,Paramount,California
562,Pico_Rivera,California
562,Seal_Beach,California
562,South_Whittier,California
562,West_Whittier-Los_Nietos,California
562,Whittier,California
563,Bettendorf,Iowa
563,Clinton,Iowa
563,Davenport,Iowa
563,Dubuque,Iowa
563,Muscatine,Iowa
567,Ashland,Ohio
567,Bowling_Green,Ohio
567,Findlay,Ohio
567,Lima,Ohio
567,Mansfield,Ohio
567,Sandusky,Ohio
567,Toledo,Ohio
570,Back_Mountain,Pennsylvania
570,Hazleton,Pennsylvania
570,Scranton,Pennsylvania
570,Wilkes-Barre,Pennsylvania
570,Williamsport,Pennsylvania
571,Alexandria,Virginia
571,Annandale,Virginia
571,Arlington,Virginia
571,Burke,Virginia
571,Centreville,Virginia
571,Chantilly,Virginia
571,Dale_City,Virginia
571,Fairfax,Virginia
571,Franconia,Virginia
571,Groveton,Virginia
571,Herndon,Virginia
571,Lake_Ridge,Virginia
571,Leesburg,Virginia
571,Manassas,Virginia
571,McLean,Virginia
571,Mount_Vernon,Virginia
571,Oakton,Virginia
571,Reston,Virginia
571,West_Springfield,Virginia
571,West_Springfield,Virginia
573,Cape_Girardeau,Missouri
573,Columbia,Missouri
573,Jefferson_City,Missouri
574,Elkhart,Indiana
574,Goshen,Indiana
574,Granger,Indiana
574,Mishawaka,Indiana
574,South_Bend,Indiana
575,Alamogordo,New_Mexico
575,Carlsbad,New_Mexico
575,Clovis,New_Mexico
575,Hobbs,New_Mexico
575,Las_Cruces,New_Mexico
575,Roswell,New_Mexico
580,Altus,Oklahoma
580,Ardmore,Oklahoma
580,Duncan,Oklahoma
580,Enid,Oklahoma
580,Lawton,Oklahoma
580,Ponca_City,Oklahoma
585,Brighton,New_York
585,Irondequoit,New_York
585,Rochester,New_York
586,Clinton,Michigan
586,Eastpointe,Michigan
586,Roseville,Michigan
586,Shelby,Michigan
586,Saint_Clair_Shores,Michigan
586,Sterling_Heights,Michigan
586,Warren,Michigan
601,Clinton,Mississippi
601,West_Hattiesburg,Mississippi
601,Jackson,Mississippi
601,Meridian,Mississippi
601,Pearl,Mississippi
601,Ridgeland,Mississippi
601,Vicksburg,Mississippi
602,Phoenix,Arizona
603,East_Concord,New_Hampshire
603,Derry,New_Hampshire
603,Dover,New_Hampshire
603,Keene,New_Hampshire
603,Manchester,New_Hampshire
603,Nashua,New_Hampshire
603,Portsmouth,New_Hampshire
603,Rochester,New_Hampshire
605,Aberdeen,South_Dakota
605,Pierre,South_Dakota
605,Rapid_City,South_Dakota
605,Sioux_Falls,South_Dakota
605,Watertown,South_Dakota
606,Ashland,Kentucky
607,Binghamton,New_York
607,Elmira,New_York
607,Ithaca,New_York
608,Beloit,Wisconsin
608,Fitchburg,Wisconsin
608,Janesville,Wisconsin
608,North_La_Crosse,Wisconsin
608,Madison,Wisconsin
608,Sun_Prairie,Wisconsin
609,Atlantic_City,New_Jersey
609,Ewing,New_Jersey
609,Trenton,New_Jersey
609,Willingboro,New_Jersey
610,Allentown,Pennsylvania
610,Bethlehem,Pennsylvania
610,West_Chester,Pennsylvania
610,Drexel_Hill,Pennsylvania
610,Easton,Pennsylvania
610,Norristown,Pennsylvania
610,Pottstown,Pennsylvania
610,Radnor,Pennsylvania
610,Reading,Pennsylvania
610,Springfield,Pennsylvania
612,Crystal,Minnesota
612,Golden_Valley,Minnesota
612,Minneapolis,Minnesota
612,Richfield,Minnesota
612,Saint_Louis_Park,Minnesota
614,Columbus,Ohio
614,Dublin,Ohio
614,Gahanna,Ohio
614,Grove_City,Ohio
614,Hilliard,Ohio
614,Reynoldsburg,Ohio
614,Upper_Arlington,Ohio
614,Westerville,Ohio
615,Brentwood,Tennessee
615,Franklin,Tennessee
615,Gallatin,Tennessee
615,Hendersonville,Tennessee
615,Lebanon,Tennessee
615,Murfreesboro,Tennessee
615,Nashville,Tennessee
615,Smyrna,Tennessee
616,Forest_Hills,Michigan
616,Grand_Rapids,Michigan
616,Holland,Michigan
616,Kentwood,Michigan
616,Walker,Michigan
616,Wyoming,Michigan
617,Belmont,Massachusetts
617,South_Boston,Massachusetts
617,Brookline,Massachusetts
617,Cambridge,Massachusetts
617,Chelsea,Massachusetts
617,Everett,Massachusetts
617,Milton,Massachusetts
617,Newton,Massachusetts
617,Quincy,Massachusetts
617,Somerville,Massachusetts
617,Watertown,Massachusetts
618,East_Alton,Illinois
618,Belleville,Illinois
618,Carbondale,Illinois
618,Collinsville,Illinois
618,East_Saint_Louis,Illinois
618,Edwardsville,Illinois
618,Granite_City,Illinois
618,O'Fallon,Illinois
619,Chula_Vista,California
619,Coronado,California
619,El_Cajon,California
619,Imperial_Beach,California
619,La_Mesa,California
619,La_Presa,California
619,Lemon_Grove,California
619,National_City,California
619,Rancho_San_Diego,California
619,San_Diego,California
619,Santee,California
619,Spring_Valley,California
620,Dodge_City,Kansas
620,Emporia,Kansas
620,Garden_City,Kansas
620,Hutchinson,Kansas
623,Avondale,Arizona
623,Glendale,Arizona
623,Peoria,Arizona
623,Sun_City_West,Arizona
623,Sun_City_West,Arizona
623,Surprise,Arizona
626,Alhambra,California
626,Altadena,California
626,Arcadia,California
626,Azusa,California
626,Baldwin_Park,California
626,West_Covina,California
626,Duarte,California
626,South_El_Monte,California
626,Glendora,California
626,Hacienda_Heights,California
626,La_Puente,California
626,Monrovia,California
626,Monterey_Park,California
626,South_Pasadena,California
626,Rosemead,California
626,Rowland_Heights,California
626,South_San_Gabriel,California
626,South_El_Monte,California
626,South_Pasadena,California
626,South_San_Jose_Hills,California
626,Temple_City,California
626,Valinda,California
626,Walnut,California
626,West_Covina,California
626,West_Puente_Valley,California
628,Novato,California
628,San_Anselmo,California
628,South_San_Francisco,California
628,San_Rafael,California
629,Brentwood,Tennessee
629,Franklin,Tennessee
629,Gallatin,Tennessee
629,Hendersonville,Tennessee
629,Lebanon,Tennessee
629,Murfreesboro,Tennessee
629,Nashville,Tennessee
629,Smyrna,Tennessee
630,Addison,Illinois
630,North_Aurora,Illinois
630,Bartlett,Illinois
630,Batavia,Illinois
630,Bensenville,Illinois
630,Bloomingdale,Illinois
630,Bolingbrook,Illinois
630,Carol_Stream,Illinois
630,Darien,Illinois
630,Downers_Grove,Illinois
630,Elmhurst,Illinois
630,Glen_Ellyn,Illinois
630,Glendale_Heights,Illinois
630,Hanover_Park,Illinois
630,Lisle,Illinois
630,Lombard,Illinois
630,Naperville,Illinois
630,Roselle,Illinois
630,Saint_Charles,Illinois
630,Streamwood,Illinois
630,Villa_Park,Illinois
630,West_Chicago,Illinois
630,Westmont,Illinois
630,Wheaton,Illinois
630,Woodridge,Illinois
631,North_Bay_Shore,New_York
631,Brentwood,New_York
631,Centereach,New_York
631,Central_Islip,New_York
631,Commack,New_York
631,Copiague,New_York
631,Coram,New_York
631,Deer_Park,New_York
631,Dix_Hills,New_York
631,East_Northport,New_York
631,East_Patchogue,New_York
631,Hauppauge,New_York
631,Holbrook,New_York
631,Huntington_Station,New_York
631,West_Islip,New_York
631,North_Lindenhurst,New_York
631,Medford,New_York
631,Ronkonkoma,New_York
631,Selden,New_York
631,Shirley,New_York
631,Smithtown,New_York
631,West_Babylon,New_York
631,West_Islip,New_York
636,Ballwin,Missouri
636,Chesterfield,Missouri
636,O'Fallon,Missouri
636,Saint_Charles,Missouri
636,Saint_Peters,Missouri
636,Wildwood,Missouri
641,Marshalltown,Iowa
641,Mason_City,Iowa
641,Ottumwa,Iowa
646,New_York_City,New_York
646,New_York_City,New_York
650,Belmont,California
650,Burlingame,California
650,Daly_City,California
650,East_Palo_Alto,California
650,Foster_City,California
650,Los_Altos,California
650,Menlo_Park,California
650,Millbrae,California
650,Mountain_View,California
650,Pacifica,California
650,Palo_Alto,California
650,Redwood_City,California
650,San_Bruno,California
650,San_Carlos,California
650,San_Mateo,California
650,South_San_Francisco,California
651,Apple_Valley,Minnesota
651,Cottage_Grove,Minnesota
651,Eagan,Minnesota
651,Inver_Grove_Heights,Minnesota
651,Lakeville,Minnesota
651,Maplewood,Minnesota
651,New_Brighton,Minnesota
651,Oakdale,Minnesota
651,Roseville,Minnesota
651,Shoreview,Minnesota
651,South_Saint_Paul,Minnesota
651,Saint_Paul,Minnesota
651,White_Bear_Lake,Minnesota
651,Woodbury,Minnesota
657,Anaheim,California
657,Brea,California
657,Buena_Park,California
657,Cypress,California
657,Fountain_Valley,California
657,Fullerton,California
657,Garden_Grove,California
657,Huntington_Beach,California
657,Orange,California
657,Placentia,California
657,Santa_Ana,California
657,Stanton,California
657,North_Tustin,California
657,Westminster,California
657,Yorba_Linda,California
660,Sedalia,Missouri
661,Bakersfield,California
661,Delano,California
661,Lancaster,California
661,Oildale,California
661,Palmdale,California
661,Santa_Clarita,California
661,Wasco,California
662,Clarksdale,Mississippi
662,Columbus,Mississippi
662,Greenville,Mississippi
662,Olive_Branch,Mississippi
662,Southaven,Mississippi
662,Starkville,Mississippi
662,Tupelo,Mississippi
667,Annapolis,Maryland
667,Arbutus,Maryland
667,Arnold,Maryland
667,Baltimore,Maryland
667,Bel_Air_North,Maryland
667,Bel_Air_South,Maryland
667,Carney,Maryland
667,Catonsville,Maryland
667,Columbia,Maryland
667,Crofton,Maryland
667,Dundalk,Maryland
667,Edgewood,Maryland
667,Eldersburg,Maryland
667,West_Elkridge,Maryland
667,Ellicott_City,Maryland
667,Essex,Maryland
667,Glen_Burnie,Maryland
667,Lochearn,Maryland
667,Middle_River,Maryland
667,Milford_Mill,Maryland
667,Odenton,Maryland
667,Parkville,Maryland
667,Perry_Hall,Maryland
667,Pikesville,Maryland
667,Randallstown,Maryland
667,Reisterstown,Maryland
667,Salisbury,Maryland
667,Severn,Maryland
667,Severna_Park,Maryland
667,South_Gate,Maryland
667,Towson,Maryland
669,Campbell,California
669,Gilroy,California
669,Los_Gatos,California
669,Milpitas,California
669,Morgan_Hill,California
669,San_Jose,California
669,Santa_Clara,California
669,Saratoga,California
669,Sunnyvale,California
678,Alpharetta,Georgia
678,Atlanta,Georgia
678,Candler-McAfee,Georgia
678,College_Park,Georgia
678,College_Park,Georgia
678,Douglasville,Georgia
678,Duluth,Georgia
678,Dunwoody,Georgia
678,East_Point,Georgia
678,Forest_Park,Georgia
678,Gainesville,Georgia
678,Griffin,Georgia
678,Kennesaw,Georgia
678,Lawrenceville,Georgia
678,Mableton,Georgia
678,Marietta,Georgia
678,Atlanta,Georgia
678,Peachtree_City,Georgia
678,Redan,Georgia
678,Roswell,Georgia
678,Sandy_Springs,Georgia
678,Smyrna,Georgia
678,Tucker,Georgia
681,South_Charleston,West_Virginia
681,Huntington,West_Virginia
681,Morgantown,West_Virginia
681,Parkersburg,West_Virginia
681,Weirton,West_Virginia
681,Wheeling,West_Virginia
682,Arlington,Texas
682,Bedford,Texas
682,Benbrook,Texas
682,Burleson,Texas
682,Cleburne,Texas
682,Euless,Texas
682,Fort_Worth,Texas
682,Grapevine,Texas
682,Haltom_City,Texas
682,Hurst,Texas
682,Keller,Texas
682,Mansfield,Texas
682,North_Richland_Hills,Texas
682,Southlake,Texas
682,Watauga,Texas
701,Bismarck,North_Dakota
701,West_Fargo,North_Dakota
701,Grand_Forks,North_Dakota
701,Minot,North_Dakota
702,Henderson,Nevada
702,North_Las_Vegas,Nevada
702,North_Las_Vegas,Nevada
702,Paradise,Nevada
702,Spring_Valley,Nevada
702,Sunrise_Manor,Nevada
702,Winchester,Nevada
703,Alexandria,Virginia
703,Annandale,Virginia
703,Arlington,Virginia
703,Burke,Virginia
703,Centreville,Virginia
703,Chantilly,Virginia
703,Dale_City,Virginia
703,Fairfax,Virginia
703,Franconia,Virginia
703,Groveton,Virginia
703,Herndon,Virginia
703,Lake_Ridge,Virginia
703,Leesburg,Virginia
703,Manassas,Virginia
703,McLean,Virginia
703,Mount_Vernon,Virginia
703,Oakton,Virginia
703,Reston,Virginia
703,West_Springfield,Virginia
703,West_Springfield,Virginia
704,Charlotte,North_Carolina
704,Concord,North_Carolina
704,South_Gastonia,North_Carolina
704,Huntersville,North_Carolina
704,Kannapolis,North_Carolina
704,Matthews,North_Carolina
704,Monroe,North_Carolina
704,Salisbury,North_Carolina
704,Statesville,North_Carolina
706,Athens,Georgia
706,Augusta,Georgia
706,Columbus,Georgia
706,Dalton,Georgia
706,La_Grange,Georgia
706,Martinez,Georgia
706,Rome,Georgia
707,Benicia,California
707,Eureka,California
707,Fairfield,California
707,Napa,California
707,Petaluma,California
707,Rohnert_Park,California
707,Santa_Rosa,California
707,Suisun,California
707,Vacaville,California
707,Vallejo,California
707,Windsor,California
708,Bellwood,Illinois
708,Berwyn,Illinois
708,Blue_Island,Illinois
708,Burbank,Illinois
708,Calumet_City,Illinois
708,Chicago_Heights,Illinois
708,Cicero,Illinois
708,Dolton,Illinois
708,Elmwood_Park,Illinois
708,Evergreen_Park,Illinois
708,Harvey,Illinois
708,Lansing,Illinois
708,Maywood,Illinois
708,Melrose_Park,Illinois
708,Oak_Forest,Illinois
708,Oak_Lawn,Illinois
708,Oak_Park,Illinois
708,Orland_Park,Illinois
708,Park_Forest,Illinois
708,South_Holland,Illinois
708,Tinley_Park,Illinois
712,Council_Bluffs,Iowa
712,Sioux_City,Iowa
713,Alvin,Texas
713,Atascocita,Texas
713,Baytown,Texas
713,Channelview,Texas
713,Cloverleaf,Texas
713,Deer_Park,Texas
713,Friendswood,Texas
713,South_Houston,Texas
713,La_Porte,Texas
713,League_City,Texas
713,Mission_Bend,Texas
713,Missouri_City,Texas
713,Pasadena,Texas
713,Pearland,Texas
713,Rosenberg,Texas
713,Spring,Texas
713,Sugar_Land,Texas
713,The_Woodlands,Texas
714,Anaheim,California
714,Brea,California
714,Buena_Park,California
714,Cypress,California
714,Fountain_Valley,California
714,Fullerton,California
714,Garden_Grove,California
714,Huntington_Beach,California
714,Orange,California
714,Placentia,California
714,Santa_Ana,California
714,Stanton,California
714,North_Tustin,California
714,Westminster,California
714,Yorba_Linda,California
715,Eau_Claire,Wisconsin
715,Stevens_Point,Wisconsin
715,Superior,Wisconsin
715,Wausau,Wisconsin
716,Buffalo,New_York
716,Cheektowaga,New_York
716,Jamestown,New_York
716,South_Lockport,New_York
716,Niagara_Falls,New_York
716,North_Tonawanda,New_York
716,Tonawanda,New_York
716,West_Seneca,New_York
717,Harrisburg,Pennsylvania
717,Lancaster,Pennsylvania
717,Lebanon,Pennsylvania
717,York,Pennsylvania
718,The_Bronx,New_York
718,Brooklyn,New_York
718,New_York_City,New_York
718,Borough_of_Queens,New_York
718,Staten_Island,New_York
719,Colorado_Springs,Colorado
719,Pueblo_West,Colorado
719,Security-Widefield,Colorado
720,Arvada,Colorado
720,Aurora,Colorado
720,Boulder,Colorado
720,Brighton,Colorado
720,Broomfield,Colorado
720,Castle_Rock,Colorado
720,Castlewood,Colorado
720,Columbine,Colorado
720,Commerce_City,Colorado
720,Denver,Colorado
720,Englewood,Colorado
720,Highlands_Ranch,Colorado
720,Ken_Caryl,Colorado
720,Lafayette,Colorado
720,Lakewood,Colorado
720,Littleton,Colorado
720,Longmont,Colorado
720,Loveland,Colorado
720,Northglenn,Colorado
720,Parker,Colorado
720,Southglenn,Colorado
720,Thornton,Colorado
720,Westminster,Colorado
720,Wheat_Ridge,Colorado
724,Monroeville,Pennsylvania
724,New_Castle,Pennsylvania
724,Plum,Pennsylvania
724,Upper_Saint_Clair,Pennsylvania
725,Henderson,Nevada
725,North_Las_Vegas,Nevada
725,North_Las_Vegas,Nevada
725,Paradise,Nevada
725,Spring_Valley,Nevada
725,Sunrise_Manor,Nevada
725,Winchester,Nevada
727,Bayonet_Point,Florida
727,Clearwater,Florida
727,Dunedin,Florida
727,Holiday,Florida
727,Largo,Florida
727,Lealman,Florida
727,Palm_Harbor,Florida
727,Pinellas_Park,Florida
727,Saint_Petersburg,Florida
727,Tarpon_Springs,Florida
731,Jackson,Tennessee
732,Carteret,New_Jersey
732,East_Brunswick,New_Jersey
732,Edison,New_Jersey
732,Lakewood,New_Jersey
732,West_Long_Branch,New_Jersey
732,New_Brunswick,New_Jersey
732,East_Brunswick,New_Jersey
732,North_Plainfield,New_Jersey
732,South_Old_Bridge,New_Jersey
732,Perth_Amboy,New_Jersey
732,Rahway,New_Jersey
732,Sayreville,New_Jersey
732,Somerset,New_Jersey
732,Toms_River,New_Jersey
734,Ann_Arbor,Michigan
734,Canton,Michigan
734,Garden_City,Michigan
734,Livonia,Michigan
734,South_Monroe,Michigan
734,Plymouth,Michigan
734,Romulus,Michigan
734,Southgate,Michigan
734,Westland,Michigan
734,Wyandotte,Michigan
734,Ypsilanti,Michigan
737,Austin,Texas
737,Cedar_Park,Texas
737,Georgetown,Texas
737,Round_Rock,Texas
737,San_Marcos,Texas
740,Athens,Ohio
740,Chillicothe,Ohio
740,Delaware,Ohio
740,Lancaster,Ohio
740,Marion,Ohio
740,Newark,Ohio
740,Portsmouth,Ohio
740,Zanesville,Ohio
743,Asheboro,North_Carolina
743,Burlington,North_Carolina
743,Greensboro,North_Carolina
743,High_Point,North_Carolina
743,Winston-Salem,North_Carolina
747,Agoura_Hills,California
747,Burbank,California
747,Calabasas,California
747,North_Glendale,California
747,La_Cañada_Flintridge,California
747,San_Fernando,California
754,Coconut_Creek,Florida
754,Cooper_City,Florida
754,Coral_Springs,Florida
754,Dania_Beach,Florida
754,Davie,Florida
754,Deerfield_Beach,Florida
754,Fort_Lauderdale,Florida
754,Hallandale_Beach,Florida
754,Hollywood,Florida
754,Lauderdale_Lakes,Florida
754,Lauderhill,Florida
754,Margate,Florida
754,North_Lauderdale,Florida
754,Pembroke_Pines,Florida
754,Plantation,Florida
754,Pompano_Beach,Florida
754,Sunrise,Florida
754,Tamarac,Florida
754,Weston,Florida
757,Chesapeake,Virginia
757,Hampton,Virginia
757,Newport_News,Virginia
757,Norfolk,Virginia
757,Portsmouth,Virginia
757,Suffolk,Virginia
757,Virginia_Beach,Virginia
760,Apple_Valley,California
760,Barstow,California
760,Brawley,California
760,Calexico,California
760,Carlsbad,California
760,Cathedral_City,California
760,Coachella,California
760,El_Centro,California
760,Encinitas,California
760,Escondido,California
760,Fallbrook,California
760,Hesperia,California
760,Indio,California
760,La_Quinta,California
760,Oceanside,California
760,Palm_Desert,California
760,Palm_Springs,California
760,Ridgecrest,California
760,San_Marcos,California
760,Victorville,California
760,Vista,California
762,Athens,Georgia
762,Augusta,Georgia
762,Columbus,Georgia
762,Dalton,Georgia
762,La_Grange,Georgia
762,Martinez,Georgia
762,Rome,Georgia
763,Blaine,Minnesota
763,Brooklyn_Center,Minnesota
763,Brooklyn_Park,Minnesota
763,Champlin,Minnesota
763,West_Coon_Rapids,Minnesota
763,Fridley,Minnesota
763,Maple_Grove,Minnesota
763,New_Hope,Minnesota
763,Plymouth,Minnesota
765,Anderson,Indiana
765,Kokomo,Indiana
765,West_Lafayette,Indiana
765,Marion,Indiana
765,Muncie,Indiana
765,Richmond,Indiana
765,West_Lafayette,Indiana
769,Clinton,Mississippi
769,West_Hattiesburg,Mississippi
769,Jackson,Mississippi
769,Meridian,Mississippi
769,Pearl,Mississippi
769,Ridgeland,Mississippi
769,Vicksburg,Mississippi
770,Alpharetta,Georgia
770,Atlanta,Georgia
770,College_Park,Georgia
770,Douglasville,Georgia
770,Duluth,Georgia
770,Dunwoody,Georgia
770,Forest_Park,Georgia
770,Gainesville,Georgia
770,Griffin,Georgia
770,Kennesaw,Georgia
770,Lawrenceville,Georgia
770,Mableton,Georgia
770,Marietta,Georgia
770,Atlanta,Georgia
770,Peachtree_City,Georgia
770,Redan,Georgia
770,Roswell,Georgia
770,Sandy_Springs,Georgia
770,Smyrna,Georgia
770,Tucker,Georgia
772,Fort_Pierce_South,Florida
772,Palm_City,Florida
772,Port_Saint_Lucie,Florida
772,Vero_Beach_South,Florida
773,West_Chicago,Illinois
774,Attleboro,Massachusetts
774,Barnstable,Massachusetts
774,Brockton,Massachusetts
774,Fall_River,Massachusetts
774,Framingham,Massachusetts
774,Franklin,Massachusetts
774,Marlborough,Massachusetts
774,Milford,Massachusetts
774,New_Bedford,Massachusetts
774,Taunton,Massachusetts
774,Worcester,Massachusetts
775,Carson_City,Nevada
775,Pahrump,Nevada
775,Reno,Nevada
775,Sparks,Nevada
779,Belvidere,Illinois
779,Crystal_Lake,Illinois
779,DeKalb,Illinois
779,Freeport,Illinois
779,Joliet,Illinois
779,Kankakee,Illinois
779,Loves_Park,Illinois
779,Machesney_Park,Illinois
779,McHenry,Illinois
779,Rockford,Illinois
779,Romeoville,Illinois
779,Woodstock,Illinois
781,Arlington,Massachusetts
781,Braintree,Massachusetts
781,Burlington,Massachusetts
781,Dedham,Massachusetts
781,Lexington,Massachusetts
781,Lynn,Massachusetts
781,Malden,Massachusetts
781,Marblehead,Massachusetts
781,Medford,Massachusetts
781,Melrose,Massachusetts
781,Needham,Massachusetts
781,Norwood,Massachusetts
781,Randolph,Massachusetts
781,Reading,Massachusetts
781,Revere,Massachusetts
781,Saugus,Massachusetts
781,Stoneham,Massachusetts
781,Wakefield,Massachusetts
781,Waltham,Massachusetts
781,Wellesley,Massachusetts
781,Weymouth,Massachusetts
781,Winchester,Massachusetts
781,Woburn,Massachusetts
785,Hays,Kansas
785,Lawrence,Kansas
785,Manhattan,Kansas
785,Salina,Kansas
785,Topeka,Kansas
786,Aventura,Florida
786,Carol_City,Florida
786,Coral_Gables,Florida
786,Coral_Terrace,Florida
786,Country_Club,Florida
786,Cutler_Ridge,Florida
786,Doral,Florida
786,Golden_Glades,Florida
786,Hialeah,Florida
786,Homestead,Florida
786,Kendale_Lakes,Florida
786,Kendall_West,Florida
786,Key_West,Florida
786,Leisure_City,Florida
786,West_Miami,Florida
786,North_Miami_Beach,Florida
786,Miami_Lakes,Florida
786,Miramar,Florida
786,Norland,Florida
786,North_Miami,Florida
786,North_Miami_Beach,Florida
786,Richmond_West,Florida
786,Richmond_Heights,Florida
786,South_Miami_Heights,Florida
786,Tamiami,Florida
786,West_Little_River,Florida
786,Westchester,Florida
801,American_Fork,Utah
801,West_Bountiful,Utah
801,Clearfield,Utah
801,Cottonwood_Heights,Utah
801,Draper,Utah
801,East_Millcreek,Utah
801,Kaysville,Utah
801,Kearns,Utah
801,Layton,Utah
801,Magna,Utah
801,Midvale,Utah
801,Millcreek,Utah
801,Murray,Utah
801,South_Ogden,Utah
801,Orem,Utah
801,Pleasant_Grove,Utah
801,Provo,Utah
801,Riverton,Utah
801,Roy,Utah
801,Salt_Lake_City,Utah
801,Sandy_City,Utah
801,South_Jordan,Utah
801,South_Salt_Lake,Utah
801,Spanish_Fork,Utah
801,Springville,Utah
801,Taylorsville,Utah
801,West_Jordan,Utah
801,West_Valley_City,Utah
802,South_Burlington,Vermont
802,Montpelier,Vermont
803,Aiken,South_Carolina
803,West_Columbia,South_Carolina
803,Rock_Hill,South_Carolina
803,Saint_Andrews,South_Carolina
803,Sumter,South_Carolina
804,Hopewell,Virginia
804,Mechanicsville,Virginia
804,Petersburg,Virginia
804,Richmond,Virginia
804,Tuckahoe,Virginia
805,Atascadero,California
805,Camarillo,California
805,Paso_Robles,California
805,Goleta,California
805,Lompoc,California
805,Moorpark,California
805,Orcutt,California
805,Oxnard,California
805,Port_Hueneme,California
805,Ventura,California
805,San_Luis_Obispo,California
805,Santa_Barbara,California
805,Santa_Maria,California
805,Santa_Paula,California
805,Simi_Valley,California
805,Thousand_Oaks,California
806,Amarillo,Texas
806,Lubbock,Texas
806,Plainview,Texas
808,Hilo,Hawaii
808,Honolulu,Hawaii
808,Kahului,Hawaii
808,Kailua-Kona,Hawaii
808,Kāne‘ohe,Hawaii
808,Mililani_Town,Hawaii
808,Pearl_City,Hawaii
808,Waimalu,Hawaii
808,Waipahu,Hawaii
810,Burton,Michigan
810,Flint,Michigan
810,Port_Huron,Michigan
812,Bloomington,Indiana
812,Clarksville,Indiana
812,Columbus,Indiana
812,Evansville,Indiana
812,Jeffersonville,Indiana
812,New_Albany,Indiana
812,Terre_Haute,Indiana
813,Brandon,Florida
813,Citrus_Park,Florida
813,Greater_Northdale,Florida
813,Lake_Magdalene,Florida
813,Land_O'_Lakes,Florida
813,Plant_City,Florida
813,Tampa,Florida
813,Temple_Terrace,Florida
813,Town_'n'_Country,Florida
814,Altoona,Pennsylvania
814,Erie,Pennsylvania
814,Johnstown,Pennsylvania
814,State_College,Pennsylvania
815,Belvidere,Illinois
815,Crystal_Lake,Illinois
815,DeKalb,Illinois
815,Freeport,Illinois
815,Joliet,Illinois
815,Kankakee,Illinois
815,Loves_Park,Illinois
815,Machesney_Park,Illinois
815,McHenry,Illinois
815,Rockford,Illinois
815,Romeoville,Illinois
815,Woodstock,Illinois
816,Belton,Missouri
816,Blue_Springs,Missouri
816,Gladstone,Missouri
816,Grandview,Missouri
816,Independence,Missouri
816,Kansas_City,Missouri
816,Lee's_Summit,Missouri
816,Liberty,Missouri
816,Raytown,Missouri
816,Saint_Joseph,Missouri
817,Arlington,Texas
817,Bedford,Texas
817,Benbrook,Texas
817,Burleson,Texas
817,Cleburne,Texas
817,Euless,Texas
817,Fort_Worth,Texas
817,Grapevine,Texas
817,Haltom_City,Texas
817,Hurst,Texas
817,Keller,Texas
817,Mansfield,Texas
817,North_Richland_Hills,Texas
817,Southlake,Texas
817,Watauga,Texas
818,Agoura_Hills,California
818,Burbank,California
818,Calabasas,California
818,North_Glendale,California
818,La_Cañada_Flintridge,California
818,San_Fernando,California
828,Asheville,North_Carolina
828,Hickory,North_Carolina
830,Del_Rio,Texas
830,Eagle_Pass,Texas
830,Kerrville,Texas
830,New_Braunfels,Texas
830,Seguin,Texas
831,Hollister,California
831,Marina,California
831,Monterey,California
831,Salinas,California
831,Santa_Cruz,California
831,Seaside,California
831,Watsonville,California
832,Alvin,Texas
832,Atascocita,Texas
832,Baytown,Texas
832,Channelview,Texas
832,Cloverleaf,Texas
832,Deer_Park,Texas
832,Friendswood,Texas
832,South_Houston,Texas
832,La_Porte,Texas
832,League_City,Texas
832,Mission_Bend,Texas
832,Missouri_City,Texas
832,Pasadena,Texas
832,Pearland,Texas
832,Rosenberg,Texas
832,Spring,Texas
832,Sugar_Land,Texas
832,The_Woodlands,Texas
843,North_Charleston,South_Carolina
843,Florence,South_Carolina
843,Goose_Creek,South_Carolina
843,Hilton_Head_Island,South_Carolina
843,Mount_Pleasant,South_Carolina
843,North_Myrtle_Beach,South_Carolina
843,North_Charleston,South_Carolina
843,Summerville,South_Carolina
845,Kingston,New_York
845,Middletown,New_York
845,New_City,New_York
845,Newburgh,New_York
845,Poughkeepsie,New_York
845,Spring_Valley,New_York
847,Algonquin,Illinois
847,Arlington_Heights,Illinois
847,Buffalo_Grove,Illinois
847,Carpentersville,Illinois
847,Des_Plaines,Illinois
847,South_Elgin,Illinois
847,Elk_Grove_Village,Illinois
847,Evanston,Illinois
847,Glenview,Illinois
847,Gurnee,Illinois
847,Highland_Park,Illinois
847,Hoffman_Estates,Illinois
847,Lake_Forest,Illinois
847,Lake_in_the_Hills,Illinois
847,Libertyville,Illinois
847,Morton_Grove,Illinois
847,Mount_Prospect,Illinois
847,Mundelein,Illinois
847,Niles,Illinois
847,North_Chicago,Illinois
847,Northbrook,Illinois
847,Palatine,Illinois
847,Park_Ridge,Illinois
847,Rolling_Meadows,Illinois
847,Round_Lake_Beach,Illinois
847,Schaumburg,Illinois
847,Skokie,Illinois
847,Vernon_Hills,Illinois
847,Waukegan,Illinois
847,Wheeling,Illinois
847,Wilmette,Illinois
847,Zion,Illinois
848,Carteret,New_Jersey
848,East_Brunswick,New_Jersey
848,Edison,New_Jersey
848,Lakewood,New_Jersey
848,West_Long_Branch,New_Jersey
848,New_Brunswick,New_Jersey
848,East_Brunswick,New_Jersey
848,North_Plainfield,New_Jersey
848,South_Old_Bridge,New_Jersey
848,Perth_Amboy,New_Jersey
848,Rahway,New_Jersey
848,Sayreville,New_Jersey
848,Somerset,New_Jersey
848,Toms_River,New_Jersey
850,Bellview,Florida
850,Brent,Florida
850,Ferry_Pass,Florida
850,Fort_Walton_Beach,Florida
850,Panama_City,Florida
850,West_Pensacola,Florida
850,Tallahassee,Florida
850,West_Pensacola,Florida
850,Wright,Florida
856,Bridgeton,New_Jersey
856,Camden,New_Jersey
856,Cherry_Hill,New_Jersey
856,Millville,New_Jersey
856,Pennsauken,New_Jersey
856,Vineland,New_Jersey
856,Willingboro,New_Jersey
857,Belmont,Massachusetts
857,South_Boston,Massachusetts
857,Brookline,Massachusetts
857,Cambridge,Massachusetts
857,Chelsea,Massachusetts
857,Everett,Massachusetts
857,Milton,Massachusetts
857,Newton,Massachusetts
857,Quincy,Massachusetts
857,Somerville,Massachusetts
857,Watertown,Massachusetts
858,Poway,California
859,Covington,Kentucky
859,Florence,Kentucky
859,Lexington,Kentucky
859,Richmond,Kentucky
860,Bristol,Connecticut
860,Manchester,Connecticut
860,East_Hartford,Connecticut
860,West_Hartford,Connecticut
860,Middletown,Connecticut
860,New_Britain,Connecticut
860,New_London,Connecticut
860,Newington,Connecticut
860,Norwich,Connecticut
860,West_Torrington,Connecticut
860,West_Hartford,Connecticut
860,Wethersfield,Connecticut
862,Belleville,New_Jersey
862,Bloomfield,New_Jersey
862,Clifton,New_Jersey
862,East_Orange,New_Jersey
862,Garfield,New_Jersey
862,Hillside,New_Jersey
862,Irvington,New_Jersey
862,Kearny,New_Jersey
862,Livingston,New_Jersey
862,Lodi,New_Jersey
862,Maplewood,New_Jersey
862,Montclair,New_Jersey
862,Morristown,New_Jersey
862,Newark,New_Jersey
862,Nutley,New_Jersey
862,West_Orange,New_Jersey
862,Passaic,New_Jersey
862,Paterson,New_Jersey
862,Wayne,New_Jersey
862,West_Milford,New_Jersey
862,West_Orange,New_Jersey
863,Lakeland,Florida
863,Winter_Haven,Florida
864,Anderson,South_Carolina
864,Greenville,South_Carolina
864,Greenwood,South_Carolina
864,Spartanburg,South_Carolina
864,Taylors,South_Carolina
864,Wade_Hampton,South_Carolina
865,Knoxville,Tennessee
865,Maryville,Tennessee
865,Oak_Ridge,Tennessee
865,Oak_Ridge,Tennessee
870,El_Dorado,Arkansas
870,Jonesboro,Arkansas
870,Paragould,Arkansas
870,Pine_Bluff,Arkansas
870,Texarkana,Arkansas
870,West_Memphis,Arkansas
878,Bethel_Park,Pennsylvania
878,McKeesport,Pennsylvania
878,Mount_Lebanon,Pennsylvania
878,Monroeville,Pennsylvania
878,New_Castle,Pennsylvania
878,Penn_Hills,Pennsylvania
878,Pittsburgh,Pennsylvania
878,Plum,Pennsylvania
878,Upper_Saint_Clair,Pennsylvania
878,West_Mifflin,Pennsylvania
901,Bartlett,Tennessee
901,Collierville,Tennessee
901,Germantown,Tennessee
901,Memphis,Tennessee
903,Corsicana,Texas
903,Denison,Texas
903,Greenville,Texas
903,Longview,Texas
903,Marshall,Texas
903,Paris,Texas
903,Sherman,Texas
903,Texarkana,Texas
903,Tyler,Texas
904,Jacksonville,Florida
904,Jacksonville_Beach,Florida
904,Lakeside,Florida
907,Anchorage,Alaska
907,College,Alaska
907,Fairbanks,Alaska
907,Juneau,Alaska
907,Ketchikan,Alaska
907,Sitka,Alaska
908,Cranford,New_Jersey
908,Elizabeth,New_Jersey
908,Hillside,New_Jersey
908,Linden,New_Jersey
908,South_Plainfield,New_Jersey
908,Roselle,New_Jersey
908,Scotch_Plains,New_Jersey
908,South_Plainfield,New_Jersey
908,Summit,New_Jersey
908,Union_City,New_Jersey
908,Westfield,New_Jersey
909,Chino,California
909,Chino_Hills,California
909,Claremont,California
909,Colton,California
909,Diamond_Bar,California
909,Fontana,California
909,Highland,California
909,La_Verne,California
909,Montclair,California
909,Ontario,California
909,Pomona,California
909,Rancho_Cucamonga,California
909,Redlands,California
909,Rialto,California
909,San_Bernardino,California
909,San_Dimas,California
909,Upland,California
909,Yucaipa,California
910,Fayetteville,North_Carolina
910,Fort_Bragg,North_Carolina
910,Jacksonville,North_Carolina
910,Lumberton,North_Carolina
910,Wilmington,North_Carolina
912,Hinesville,Georgia
912,Savannah,Georgia
912,Statesboro,Georgia
913,Kansas_City,Kansas
913,Leavenworth,Kansas
913,Leawood,Kansas
913,Lenexa,Kansas
913,Olathe,Kansas
913,Overland_Park,Kansas
913,Prairie_Village,Kansas
913,Shawnee,Kansas
914,Harrison,New_York
914,Mount_Vernon,New_York
914,New_Rochelle,New_York
914,Ossining,New_York
914,Peekskill,New_York
914,Port_Chester,New_York
914,White_Plains,New_York
914,Yonkers,New_York
915,El_Paso,Texas
915,Socorro,Texas
916,Arden-Arcade,California
916,Carmichael,California
916,Citrus_Heights,California
916,Elk_Grove,California
916,North_Fair_Oaks,California
916,Florin,California
916,Folsom,California
916,La_Riviera,California
916,Laguna,California
916,North_Highlands,California
916,Orangevale,California
916,Rancho_Cordova,California
916,Rocklin,California
916,Rosemont,California
916,Roseville,California
916,West_Sacramento,California
916,West_Sacramento,California
917,The_Bronx,New_York
917,Brooklyn,New_York
917,New_York_City,New_York
917,New_York_City,New_York
917,Borough_of_Queens,New_York
917,Staten_Island,New_York
918,Bartlesville,Oklahoma
918,Broken_Arrow,Oklahoma
918,Muskogee,Oklahoma
918,Tulsa,Oklahoma
919,Apex,North_Carolina
919,Cary,North_Carolina
919,Chapel_Hill,North_Carolina
919,Durham,North_Carolina
919,Goldsboro,North_Carolina
919,West_Raleigh,North_Carolina
919,Sanford,North_Carolina
920,Appleton,Wisconsin
920,De_Pere,Wisconsin
920,North_Fond_du_Lac,Wisconsin
920,Green_Bay,Wisconsin
920,Manitowoc,Wisconsin
920,Neenah,Wisconsin
920,Oshkosh,Wisconsin
920,Sheboygan,Wisconsin
920,Watertown,Wisconsin
920,Watertown,Wisconsin
925,Antioch,California
925,Bay_Point,California
925,Brentwood,California
925,Concord,California
925,Danville,California
925,Dublin,California
925,Lafayette,California
925,Livermore,California
925,Martinez,California
925,Oakley,California
925,Pittsburg,California
925,Pleasant_Hill,California
925,Pleasanton,California
925,San_Ramon,California
925,Walnut_Creek,California
928,Bullhead_City,Arizona
928,Flagstaff,Arizona
928,Fortuna_Foothills,Arizona
928,Kingman,Arizona
928,Lake_Havasu_City,Arizona
928,Prescott,Arizona
928,Prescott_Valley,Arizona
928,Yuma,Arizona
929,The_Bronx,New_York
929,Brooklyn,New_York
929,New_York_City,New_York
929,Borough_of_Queens,New_York
929,Staten_Island,New_York
930,Bloomington,Indiana
930,Clarksville,Indiana
930,Columbus,Indiana
930,Evansville,Indiana
930,Jeffersonville,Indiana
930,New_Albany,Indiana
930,Terre_Haute,Indiana
931,Clarksville,Tennessee
931,Columbia,Tennessee
931,Cookeville,Tennessee
936,Conroe,Texas
936,Huntsville,Texas
936,Lufkin,Texas
936,Nacogdoches,Texas
937,Beavercreek,Ohio
937,Centerville,Ohio
937,Dayton,Ohio
937,Fairborn,Ohio
937,Huber_Heights,Ohio
937,Kettering,Ohio
937,Piqua,Ohio
937,Riverside,Ohio
937,Sidney,Ohio
937,Springfield,Ohio
937,Trotwood,Ohio
937,Troy,Ohio
937,Xenia,Ohio
940,Denton,Texas
940,Lewisville,Texas
940,Wichita_Falls,Texas
941,South_Bradenton,Florida
941,North_Port,Florida
941,Port_Charlotte,Florida
941,Punta_Gorda,Florida
941,Sarasota,Florida
941,South_Bradenton,Florida
947,West_Bloomfield_Township,Michigan
947,Farmington_Hills,Michigan
947,Ferndale,Michigan
947,Madison_Heights,Michigan
947,Novi,Michigan
947,Oak_Park,Michigan
947,Pontiac,Michigan
947,Rochester_Hills,Michigan
947,Royal_Oak,Michigan
947,Southfield,Michigan
947,Troy,Michigan
947,Waterford,Michigan
947,West_Bloomfield_Township,Michigan
949,Aliso_Viejo,California
949,Costa_Mesa,California
949,Dana_Point,California
949,Irvine,California
949,Laguna_Beach,California
949,Laguna_Hills,California
949,Laguna_Niguel,California
949,Lake_Forest,California
949,Mission_Viejo,California
949,Newport_Beach,California
949,Rancho_Santa_Margarita,California
949,San_Clemente,California
949,San_Juan_Capistrano,California
951,Banning,California
951,Corona,California
951,Hemet,California
951,Moreno_Valley,California
951,Murrieta,California
951,Norco,California
951,Perris,California
951,Riverside,California
951,Rubidoux,California
951,Temecula,California
952,Bloomington,Minnesota
952,Burnsville,Minnesota
952,Chanhassen,Minnesota
952,Eden_Prairie,Minnesota
952,Edina,Minnesota
952,Minnetonka,Minnesota
952,Savage,Minnesota
952,Shakopee,Minnesota
954,Coconut_Creek,Florida
954,Cooper_City,Florida
954,Coral_Springs,Florida
954,Dania_Beach,Florida
954,Davie,Florida
954,Deerfield_Beach,Florida
954,Fort_Lauderdale,Florida
954,Hallandale_Beach,Florida
954,Hollywood,Florida
954,Lauderdale_Lakes,Florida
954,Lauderhill,Florida
954,Margate,Florida
954,North_Lauderdale,Florida
954,Pembroke_Pines,Florida
954,Plantation,Florida
954,Pompano_Beach,Florida
954,Sunrise,Florida
954,Tamarac,Florida
954,Weston,Florida
956,Brownsville,Texas
956,Edinburg,Texas
956,Harlingen,Texas
956,Laredo,Texas
956,McAllen,Texas
956,Mission,Texas
956,Pharr,Texas
956,San_Benito,Texas
956,San_Juan,Texas
956,Weslaco,Texas
959,Bristol,Connecticut
959,Manchester,Connecticut
959,East_Hartford,Connecticut
959,West_Hartford,Connecticut
959,Middletown,Connecticut
959,New_Britain,Connecticut
959,New_London,Connecticut
959,Newington,Connecticut
959,Norwich,Connecticut
959,West_Torrington,Connecticut
959,West_Hartford,Connecticut
959,Wethersfield,Connecticut
970,Fort_Collins,Colorado
970,Grand_Junction,Colorado
970,Greeley,Colorado
970,Loveland,Colorado
971,Aloha,Oregon
971,Beaverton,Oregon
971,Gresham,Oregon
971,Hillsboro,Oregon
971,Keizer,Oregon
971,Lake_Oswego,Oregon
971,McMinnville,Oregon
971,Milwaukie,Oregon
971,Oregon_City,Oregon
971,Portland,Oregon
971,Salem,Oregon
971,Tigard,Oregon
971,Tualatin,Oregon
971,West_Linn,Oregon
971,Woodburn,Oregon
972,Allen,Texas
972,Carrollton,Texas
972,Cedar_Hill,Texas
972,Coppell,Texas
972,Dallas,Texas
972,DeSoto,Texas
972,Duncanville,Texas
972,Farmers_Branch,Texas
972,Flower_Mound,Texas
972,Frisco,Texas
972,Garland,Texas
972,Grand_Prairie,Texas
972,Irving,Texas
972,Lancaster,Texas
972,Lewisville,Texas
972,McKinney,Texas
972,Mesquite,Texas
972,Plano,Texas
972,Richardson,Texas
972,Rowlett,Texas
972,The_Colony,Texas
972,University_Park,Texas
972,Waxahachie,Texas
973,Belleville,New_Jersey
973,Bloomfield,New_Jersey
973,Clifton,New_Jersey
973,East_Orange,New_Jersey
973,Garfield,New_Jersey
973,Irvington,New_Jersey
973,Livingston,New_Jersey
973,Lodi,New_Jersey
973,Maplewood,New_Jersey
973,Montclair,New_Jersey
973,Morristown,New_Jersey
973,Newark,New_Jersey
973,Nutley,New_Jersey
973,West_Orange,New_Jersey
973,Passaic,New_Jersey
973,Paterson,New_Jersey
973,Wayne,New_Jersey
973,West_Milford,New_Jersey
973,West_Orange,New_Jersey
978,Beverly,Massachusetts
978,Chelmsford,Massachusetts
978,Danvers,Massachusetts
978,Fitchburg,Massachusetts
978,Gardner,Massachusetts
978,Gloucester,Massachusetts
978,Haverhill,Massachusetts
978,Lawrence,Massachusetts
978,Leominster,Massachusetts
978,Lowell,Massachusetts
978,Methuen,Massachusetts
978,South_Peabody,Massachusetts
978,Salem,Massachusetts
978,Wilmington,Massachusetts
979,Bryan,Texas
979,College_Station,Texas
979,Lake_Jackson,Texas
980,Charlotte,North_Carolina
980,Concord,North_Carolina
980,South_Gastonia,North_Carolina
980,Huntersville,North_Carolina
980,Kannapolis,North_Carolina
980,Matthews,North_Carolina
980,Monroe,North_Carolina
980,Salisbury,North_Carolina
980,Statesville,North_Carolina
984,Apex,North_Carolina
984,Cary,North_Carolina
984,Chapel_Hill,North_Carolina
984,Durham,North_Carolina
984,Goldsboro,North_Carolina
984,West_Raleigh,North_Carolina
984,Sanford,North_Carolina
985,Houma,Louisiana
985,Laplace,Louisiana
985,Slidell,Louisiana
989,Bay_City,Michigan
989,Midland,Michigan
989,Mount_Pleasant,Michigan
989,Saginaw,Michigan
989,Saginaw,Michigan
854,North_Charleston,South_Carolina
854,Florence,South_Carolina
854,Goose_Creek,South_Carolina
854,Hilton_Head_Island,South_Carolina
854,Mount_Pleasant,South_Carolina
854,North_Myrtle_Beach,South_Carolina
854,North_Charleston,South_Carolina
854,Summerville,South_Carolina
